{"cameraMode":{"drawMode":0,"name":"Shaded","section":"Shading Mode"},"sceneLighting":true,"audioPlay":false,"sceneViewState":{"showFog":true,"showMaterialUpdate":false,"showSkybox":true,"showFlares":true,"showImageEffects":true,"showParticleSystems":true},"in2DMode":false,"pivot":{"x":2.3718087673187258,"y":1.5185610055923463,"z":6.48895263671875},"rotation":{"x":0.004477435722947121,"y":0.10034042596817017,"z":0.0004460049094632268,"w":-0.994951605796814},"size":7.2196807861328129,"orthographic":false}